
{
  "ID": 44,
  "Name": "TerraFirmaCraft Gravel Beach",
  "Resource Location": "tfc:gravel_beach",
  "Class": "net.dries007.tfc.world.classic.biomes.BiomeTFC",
  "Root Height": -1.69,
  "Height Variation": -2.68,
  "Top Block": "minecraft:grass[snowy\u003dfalse]",
  "Filler Block": "minecraft:dirt[snowy\u003dfalse,variant\u003ddirt]",
  "Ocean Top Block": "Disabled. Activate in BiomeTweakerCore.",
  "Ocean Filler Block": "Disabled. Activate in BiomeTweakerCore.",
  "Actual Filler Blocks": "Disabled. Activate in BiomeTweakerCore.",
  "Grass Color": "Disabled. Activate in BiomeTweakerCore.",
  "Foliage Color": "Disabled. Activate in BiomeTweakerCore.",
  "Water Color": "16777215",
  "Temperature": 0.5,
  "Humidity": 0.5,
  "Water Tint": 16777215,
  "Enable Rain": true,
  "Enable Snow": false,
  "Dictionary Types": [
    "BEACH"
  ],
  "BiomeManager Entries": {},
  "Spawnable Creatures": [
    {
      "Entity Class": "net.dries007.tfc.objects.entity.animal.EntityBlackBearTFC",
      "Weight": 30,
      "Min Group Count": 1,
      "Max Group Count": 2
    },
    {
      "Entity Class": "net.dries007.tfc.objects.entity.animal.EntityBoarTFC",
      "Weight": 30,
      "Min Group Count": 1,
      "Max Group Count": 2
    },
    {
      "Entity Class": "net.dries007.tfc.objects.entity.animal.EntityCougarTFC",
      "Weight": 30,
      "Min Group Count": 1,
      "Max Group Count": 2
    },
    {
      "Entity Class": "net.dries007.tfc.objects.entity.animal.EntityCoyoteTFC",
      "Weight": 30,
      "Min Group Count": 3,
      "Max Group Count": 6
    },
    {
      "Entity Class": "net.dries007.tfc.objects.entity.animal.EntityDeerTFC",
      "Weight": 70,
      "Min Group Count": 2,
      "Max Group Count": 4
    },
    {
      "Entity Class": "net.dries007.tfc.objects.entity.animal.EntityDireWolfTFC",
      "Weight": 30,
      "Min Group Count": 1,
      "Max Group Count": 2
    },
    {
      "Entity Class": "net.dries007.tfc.objects.entity.animal.EntityGazelleTFC",
      "Weight": 70,
      "Min Group Count": 2,
      "Max Group Count": 4
    },
    {
      "Entity Class": "net.dries007.tfc.objects.entity.animal.EntityGrizzlyBearTFC",
      "Weight": 30,
      "Min Group Count": 1,
      "Max Group Count": 2
    },
    {
      "Entity Class": "net.dries007.tfc.objects.entity.animal.EntityGrouseTFC",
      "Weight": 70,
      "Min Group Count": 2,
      "Max Group Count": 3
    },
    {
      "Entity Class": "net.dries007.tfc.objects.entity.animal.EntityHareTFC",
      "Weight": 70,
      "Min Group Count": 2,
      "Max Group Count": 3
    },
    {
      "Entity Class": "net.dries007.tfc.objects.entity.animal.EntityHyenaTFC",
      "Weight": 30,
      "Min Group Count": 3,
      "Max Group Count": 6
    },
    {
      "Entity Class": "net.dries007.tfc.objects.entity.animal.EntityJackalTFC",
      "Weight": 30,
      "Min Group Count": 3,
      "Max Group Count": 6
    },
    {
      "Entity Class": "net.dries007.tfc.objects.entity.animal.EntityLionTFC",
      "Weight": 30,
      "Min Group Count": 1,
      "Max Group Count": 2
    },
    {
      "Entity Class": "net.dries007.tfc.objects.entity.animal.EntityMongooseTFC",
      "Weight": 30,
      "Min Group Count": 1,
      "Max Group Count": 2
    },
    {
      "Entity Class": "net.dries007.tfc.objects.entity.animal.EntityMuskOxTFC",
      "Weight": 70,
      "Min Group Count": 2,
      "Max Group Count": 4
    },
    {
      "Entity Class": "net.dries007.tfc.objects.entity.animal.EntityOcelotTFC",
      "Weight": 70,
      "Min Group Count": 2,
      "Max Group Count": 4
    },
    {
      "Entity Class": "net.dries007.tfc.objects.entity.animal.EntityPantherTFC",
      "Weight": 30,
      "Min Group Count": 1,
      "Max Group Count": 2
    },
    {
      "Entity Class": "net.dries007.tfc.objects.entity.animal.EntityPheasantTFC",
      "Weight": 70,
      "Min Group Count": 2,
      "Max Group Count": 3
    },
    {
      "Entity Class": "net.dries007.tfc.objects.entity.animal.EntityPolarBearTFC",
      "Weight": 30,
      "Min Group Count": 1,
      "Max Group Count": 2
    },
    {
      "Entity Class": "net.dries007.tfc.objects.entity.animal.EntityQuailTFC",
      "Weight": 70,
      "Min Group Count": 2,
      "Max Group Count": 3
    },
    {
      "Entity Class": "net.dries007.tfc.objects.entity.animal.EntityRabbitTFC",
      "Weight": 70,
      "Min Group Count": 2,
      "Max Group Count": 3
    },
    {
      "Entity Class": "net.dries007.tfc.objects.entity.animal.EntitySaberToothTFC",
      "Weight": 30,
      "Min Group Count": 1,
      "Max Group Count": 2
    },
    {
      "Entity Class": "net.dries007.tfc.objects.entity.animal.EntityTurkeyTFC",
      "Weight": 70,
      "Min Group Count": 2,
      "Max Group Count": 3
    },
    {
      "Entity Class": "net.dries007.tfc.objects.entity.animal.EntityWildebeestTFC",
      "Weight": 70,
      "Min Group Count": 2,
      "Max Group Count": 4
    },
    {
      "Entity Class": "net.dries007.tfc.objects.entity.animal.EntityWolfTFC",
      "Weight": 70,
      "Min Group Count": 2,
      "Max Group Count": 4
    },
    {
      "Entity Class": "net.dries007.tfc.objects.entity.animal.EntityYakTFC",
      "Weight": 70,
      "Min Group Count": 2,
      "Max Group Count": 4
    },
    {
      "Entity Class": "net.dries007.tfc.objects.entity.animal.EntityZebuTFC",
      "Weight": 70,
      "Min Group Count": 2,
      "Max Group Count": 4
    }
  ],
  "Spawnable Monsters": [
    {
      "Entity Class": "net.minecraft.entity.monster.EntitySpider",
      "Weight": 100,
      "Min Group Count": 4,
      "Max Group Count": 4
    },
    {
      "Entity Class": "net.minecraft.entity.monster.EntityZombie",
      "Weight": 95,
      "Min Group Count": 4,
      "Max Group Count": 4
    },
    {
      "Entity Class": "net.minecraft.entity.monster.EntityZombieVillager",
      "Weight": 5,
      "Min Group Count": 1,
      "Max Group Count": 1
    },
    {
      "Entity Class": "net.minecraft.entity.monster.EntitySkeleton",
      "Weight": 100,
      "Min Group Count": 4,
      "Max Group Count": 4
    },
    {
      "Entity Class": "net.minecraft.entity.monster.EntityCreeper",
      "Weight": 100,
      "Min Group Count": 4,
      "Max Group Count": 4
    },
    {
      "Entity Class": "net.minecraft.entity.monster.EntitySlime",
      "Weight": 100,
      "Min Group Count": 4,
      "Max Group Count": 4
    },
    {
      "Entity Class": "net.minecraft.entity.monster.EntityEnderman",
      "Weight": 10,
      "Min Group Count": 1,
      "Max Group Count": 4
    }
  ],
  "Spawnable Water Creatures": [
    {
      "Entity Class": "net.minecraft.entity.passive.EntitySquid",
      "Weight": 10,
      "Min Group Count": 4,
      "Max Group Count": 4
    }
  ],
  "Spawnable Cave Creatures": [
    {
      "Entity Class": "net.minecraft.entity.passive.EntityBat",
      "Weight": 10,
      "Min Group Count": 8,
      "Max Group Count": 8
    }
  ],
  "Spawn Biome": false,
  "Tweaked": false
}