
{
  "ID": 22,
  "Name": "JungleHills",
  "Resource Location": "minecraft:jungle_hills",
  "Class": "net.minecraft.world.biome.BiomeJungle",
  "Root Height": 0.45,
  "Height Variation": 0.3,
  "Top Block": "tfc:sand/andesite",
  "Filler Block": "tfc:gravel/andesite",
  "Ocean Top Block": "tfc:gravel/basalt",
  "Ocean Filler Block": "tfc:sand/basalt",
  "Actual Filler Blocks": [
    "minecraft:stone[variant\u003dstone]",
    "tfc:raw/andesite[can_fall\u003dtrue]"
  ],
  "Grass Color": "Not set. Check in-game.",
  "Foliage Color": "Not set. Check in-game.",
  "Water Color": "16777215",
  "Temperature": 0.95,
  "Humidity": 0.9,
  "Water Tint": 16777215,
  "Enable Rain": false,
  "Enable Snow": false,
  "Dictionary Types": [
    "DENSE",
    "HOT",
    "JUNGLE",
    "HILLS",
    "WET"
  ],
  "BiomeManager Entries": {},
  "Spawnable Creatures": [],
  "Spawnable Monsters": [
    {
      "Entity Class": "net.minecraft.entity.monster.EntityCreeper",
      "Weight": 5,
      "Min Group Count": 1,
      "Max Group Count": 1
    },
    {
      "Entity Class": "net.minecraft.entity.monster.EntityWitherSkeleton",
      "Weight": 1,
      "Min Group Count": 1,
      "Max Group Count": 1
    },
    {
      "Entity Class": "net.minecraft.entity.monster.EntitySkeleton",
      "Weight": 1,
      "Min Group Count": 2,
      "Max Group Count": 3
    },
    {
      "Entity Class": "net.minecraft.entity.monster.EntityEnderman",
      "Weight": 1,
      "Min Group Count": 1,
      "Max Group Count": 1
    }
  ],
  "Spawnable Water Creatures": [],
  "Spawnable Cave Creatures": [],
  "Spawn Biome": true,
  "Tweaked": true
}