
{
  "ID": 55,
  "Name": "Nuclear Wasteland",
  "Resource Location": "nuclearcraft:nuclear_wasteland",
  "Class": "nc.worldgen.biome.BiomeNuclearWasteland",
  "Root Height": 0.12,
  "Height Variation": 0.02,
  "Top Block": "nuclearcraft:wasteland_earth",
  "Filler Block": "minecraft:sand[variant\u003dsand]",
  "Ocean Top Block": "minecraft:gravel",
  "Ocean Filler Block": "minecraft:stone[variant\u003dstone]",
  "Actual Filler Blocks": [
    "minecraft:stone[variant\u003dstone]"
  ],
  "Grass Color": "Not set. Check in-game.",
  "Foliage Color": "Not set. Check in-game.",
  "Water Color": "10046464",
  "Temperature": 2.0,
  "Humidity": 0.5,
  "Water Tint": 10046464,
  "Enable Rain": false,
  "Enable Snow": false,
  "Dictionary Types": [
    "SAVANNA",
    "HOT",
    "SPARSE",
    "DRY",
    "DEAD",
    "WASTELAND"
  ],
  "BiomeManager Entries": {
    "DESERT Weights": [
      10
    ]
  },
  "Spawnable Creatures": [],
  "Spawnable Monsters": [
    {
      "Entity Class": "nc.entity.EntityFeralGhoul",
      "Weight": 32767,
      "Min Group Count": 1,
      "Max Group Count": 1
    }
  ],
  "Spawnable Water Creatures": [],
  "Spawnable Cave Creatures": [],
  "Spawn Biome": true,
  "Tweaked": true
}