{
  "native_copper": {
    "ore": "tfc:native_copper",
    "loose": "tfc:native_copper",
    "width": 32,
    "height": 40,
    "shape": "cluster",
    "rarity": 100,
    "minimum_height": 5,
    "maximum_height": 124,
    "density": 70,
    "base_rocks": [
      "tfc:igneous_extrusive",
      "tfc:sedimentary"
    ]
  },
  "native_gold": {
    "ore": "tfc:native_gold",
    "loose": "tfc:native_gold",
    "width": 32,
    "height": 40,
    "shape": "cluster",
    "rarity": 120,
    "minimum_height": 5,
    "maximum_height": 124,
    "density": 80,
    "base_rocks": [
      "tfc:igneous_extrusive",
      "tfc:igneous_intrusive"
    ]
  },
  "native_platinum": {
    "ore": "tfc:native_platinum",
    "loose": "tfc:native_platinum",
    "width": 12,
    "height": 20,
    "shape": "cluster",
    "rarity": 180,
    "minimum_height": 110,
    "maximum_height": 124,
    "density": 60,
    "base_rocks": [
      "tfc:sedimentary"
    ]
  },
  "native_silver": {
    "ore": "tfc:native_silver",
    "loose": "tfc:native_silver",
    "width": 28,
    "height": 36,
    "shape": "cluster",
    "rarity": 120,
    "minimum_height": 5,
    "maximum_height": 124,
    "density": 80,
    "base_rocks": [
      "tfc:igneous_intrusive",
      "tfc:metamorphic"
    ]
  },
  "hematite": {
    "ore": "tfc:hematite",
    "loose": "tfc:hematite",
    "width": 28,
    "height": 36,
    "shape": "cluster",
    "rarity": 125,
    "minimum_height": 5,
    "maximum_height": 124,
    "density": 80,
    "base_rocks": [
      "tfc:igneous_extrusive"
    ]
  },
  "cassiterite": {
    "ore": "tfc:cassiterite",
    "loose": "tfc:cassiterite",
    "width": 28,
    "height": 36,
    "shape": "cluster",
    "rarity": 100,
    "minimum_height": 5,
    "maximum_height": 129,
    "density": 80,
    "base_rocks": [
      "tfc:igneous_intrusive"
    ]
  },
  "bismuthinite": {
    "ore": "tfc:bismuthinite",
    "loose": "tfc:bismuthinite",
    "width": 28,
    "height": 36,
    "shape": "cluster",
    "rarity": 110,
    "minimum_height": 5,
    "maximum_height": 124,
    "density": 80,
    "base_rocks": [
      "tfc:igneous_extrusive",
      "tfc:sedimentary"
    ]
  },
  "garnierite": {
    "ore": "tfc:garnierite",
    "loose": "tfc:garnierite",
    "width": 22,
    "height": 22,
    "shape": "sphere",
    "rarity": 110,
    "minimum_height": 5,
    "maximum_height": 124,
    "density": 80,
    "base_rocks": [
      "tfc:igneous_intrusive"
    ]
  },
  "malachite": {
    "ore": "tfc:malachite",
    "loose": "tfc:malachite",
    "width": 28,
    "height": 36,
    "shape": "cluster",
    "rarity": 100,
    "minimum_height": 110,
    "maximum_height": 124,
    "density": 80,
    "base_rocks": [
      "tfc:limestone",
      "tfc:marble"
    ]
  },
  "magnetite": {
    "ore": "tfc:magnetite",
    "loose": "tfc:magnetite",
    "width": 28,
    "height": 36,
    "shape": "cluster",
    "rarity": 130,
    "minimum_height": 110,
    "maximum_height": 124,
    "density": 70,
    "base_rocks": [
      "tfc:sedimentary"
    ]
  },
  "limonite": {
    "ore": "tfc:limonite",
    "loose": "tfc:limonite",
    "width": 28,
    "height": 36,
    "shape": "cluster",
    "rarity": 130,
    "minimum_height": 110,
    "maximum_height": 124,
    "density": 70,
    "base_rocks": [
      "tfc:sedimentary"
    ]
  },
  "sphalerite": {
    "ore": "tfc:sphalerite",
    "loose": "tfc:sphalerite",
    "width": 32,
    "height": 44,
    "shape": "cluster",
    "rarity": 110,
    "minimum_height": 55,
    "maximum_height": 124,
    "density": 70,
    "base_rocks": [
      "tfc:metamorphic"
    ]
  },
  "tetrahedrite": {
    "ore": "tfc:tetrahedrite",
    "loose": "tfc:tetrahedrite",
    "width": 28,
    "height": 36,
    "shape": "cluster",
    "rarity": 100,
    "minimum_height": 55,
    "maximum_height": 124,
    "density": 80,
    "base_rocks": [
      "tfc:metamorphic"
    ]
  },
  "bithminous_coal": {
    "ore": "tfc:bituminous_coal",
    "loose": "tfc:rock/basalt",
    "width": 38,
    "height": 44,
    "shape": "cluster",
    "rarity": 110,
    "minimum_height": 110,
    "maximum_height": 124,
    "density": 90,
    "base_rocks": [
      "tfc:sedimentary"
    ]
  },
  "lignite": {
    "ore": "tfc:lignite",
    "loose": "tfc:rock/basalt",
    "width": 28,
    "height": 36,
    "shape": "cluster",
    "rarity": 110,
    "minimum_height": 110,
    "maximum_height": 124,
    "density": 90,
    "base_rocks": [
      "tfc:sedimentary"
    ]
  },
  "kaolinite": {
    "ore": "tfc:kaolinite",
    "loose": "tfc:rock/marble",
    "width": 24,
    "height": 32,
    "shape": "cluster",
    "rarity": 110,
    "minimum_height": 110,
    "maximum_height": 132,
    "density": 80,
    "base_rocks": [
      "tfc:sedimentary",
      "tfc:igneous_intrusive"
    ]
  },
  "graphite": {
    "ore": "tfc:graphite",
    "loose": "tfc:rock/claystone",
    "width": 24,
    "height": 32,
    "shape": "cluster",
    "rarity": 90,
    "minimum_height": 55,
    "maximum_height": 132,
    "density": 80,
    "base_rocks": [
      "tfc:metamorphic",
      "tfc:igneous_extrusive"
      
    ]
  },
  "kimberlite": {
    "ore": "tfc:kimberlite",
    "loose": "tfc:rock/chalk",
    "width": 20,
    "height": 24,
    "shape": "cluster",
    "rarity": 140,
    "minimum_height": 5,
    "maximum_height": 132,
    "density": 90,
    "base_rocks": [
      "tfc:gabbro"
    ]
  },
  "cinnabar": {
    "ore": "tfc:cinnabar",
    "loose": "tfc:rock/gneiss",
    "width": 20,
    "height": 24,
    "shape": "cluster",
    "rarity": 120,
    "minimum_height": 5,
    "maximum_height": 132,
    "density": 70,
    "base_rocks": [
      "tfc:igneous_extrusive",
      "tfc:sedimentary"
    ]
  },
  "cryolite": {
    "ore": "tfc:cryolite",
    "loose": "tfc:rock/slate",
    "width": 20,
    "height": 24,
    "shape": "cluster",
    "rarity": 120,
    "minimum_height": 5,
    "maximum_height": 132,
    "density": 70,
    "base_rocks": [
      "tfc:igneous_intrusive",
      "tfc:metamorphic"
    ]
  },
  "saltpeter": {
    "ore": "tfc:saltpeter",
    "loose": "tfc:rock/diorite",
    "width": 16,
    "height": 16,
    "shape": "sphere",
    "rarity": 120,
    "minimum_height": 110,
    "maximum_height": 132,
    "density": 70,
    "base_rocks": [
      "tfc:sedimentary"
    ]
  },
  "sylvite": {
    "ore": "tfc:sylvite",
    "loose": "tfc:ore/sylvite",
    "width": 20,
    "height": 24,
    "shape": "cluster",
    "rarity": 110,
    "minimum_height": 110,
    "maximum_height": 132,
    "density": 80,
    "base_rocks": [
      "tfc:sedimentary"
    ]
  },
  "borax": {
    "ore": "tfc:borax",
    "loose": "tfc:rock/chert",
    "width": 20,
    "height": 24,
    "shape": "cluster",
    "rarity": 120,
    "minimum_height": 110,
    "maximum_height": 132,
    "density": 70,
    "base_rocks": [
      "tfc:sedimentary"
    ]
  },
  "gypsum": {
    "ore": "tfc:gypsum",
    "loose": "tfc:rock/quartzite",
    "width": 16,
    "height": 16,
    "shape": "sphere",
    "rarity": 120,
    "minimum_height": 110,
    "maximum_height": 132,
    "density": 70,
    "base_rocks": [
      "tfc:sedimentary"
    ]
  },
  "lapis_lazuli": {
    "ore": "tfc:lapis_lazuli",
    "loose": "tfc:rock/chalk",
    "width": 26,
    "height": 38,
    "shape": "cluster",
    "rarity": 120,
    "minimum_height": 110,
    "maximum_height": 132,
    "density": 80,
    "base_rocks": [
      "tfc:marble"
    ]
  },
  "surface_native_copper": {
    "ore": "tfc:native_copper",
    "loose": "tfc:native_copper",
    "width": 16,
    "height": 28,
    "shape": "cluster",
    "rarity": 115,
    "minimum_height": 128,
    "maximum_height": 240,
    "density": 40,
    "base_rocks": [
      "tfc:igneous_extrusive"
    ]
  },
  "surface_cassiterite": {
    "ore": "tfc:cassiterite",
    "loose": "tfc:cassiterite",
    "width": 16,
    "height": 28,
    "shape": "cluster",
    "rarity": 115,
    "minimum_height": 128,
    "maximum_height": 240,
    "density": 40,
    "base_rocks": [
      "tfc:granite"
    ]
  },
  "surface_bismuthinite": {
    "ore": "tfc:bismuthinite",
    "loose": "tfc:bismuthinite",
    "width": 16,
    "height": 28,
    "shape": "cluster",
    "rarity": 115,
    "minimum_height": 128,
    "maximum_height": 240,
    "density": 40,
    "base_rocks": [
      "tfc:igneous_extrusive",
      "tfc:sedimentary"
    ]
  },
  "surface_sphalerite": {
    "ore": "tfc:sphalerite",
    "loose": "tfc:sphalerite",
    "width": 16,
    "height": 28,
    "shape": "cluster",
    "rarity": 115,
    "minimum_height": 128,
    "maximum_height": 240,
    "density": 40,
    "base_rocks": [
      "tfc:metamorphic"
    ]
  },
  "surface_tetrahedrite": {
    "ore": "tfc:tetrahedrite",
    "loose": "tfc:tetrahedrite",
    "width": 16,
    "height": 28,
    "shape": "cluster",
    "rarity": 115,
    "minimum_height": 128,
    "maximum_height": 240,
    "density": 40,
    "base_rocks": [
      "tfc:metamorphic"
    ]
  },
  "pitchblende": {
    "ore": "tfc:pitchblende",
    "loose": "tfc:rock/gabbro",
    "width": 24,
    "height": 28,
    "shape": "cluster",
    "rarity": 115,
    "minimum_height": 5,
    "maximum_height": 124,
    "density": 60,
    "base_rocks": [
      "tfc:granite"
    ]
  },
  "galena": {
    "ore": "tfc:galena",
    "loose": "tfc:galena",
    "width": 24,
    "height": 28,
    "shape": "cluster",
    "rarity": 115,
    "minimum_height": 5,
    "maximum_height": 124,
    "density": 60,
    "base_rocks": [
        "tfc:igneous_extrusive",
        "tfc:metamorphic",
        "tfc:granite",
        "tfc:limestone"
    ]
  },
  "sulfur": {
    "ore": "tfc:sulfur",
    "loose": "tfc:rock/shale",
    "width": 22,
    "height": 42,
    "shape": "cluster",
    "rarity": 140,
    "minimum_height": 5,
    "maximum_height": 144,
    "density": 70,
    "base_rocks": [
      "tfc:igneous_extrusive"
    ]
  },
  "selenite": {
    "ore": "tfc:selenite",
    "loose": "tfc:rock/phyllite",
    "width": 22,
    "height": 42,
    "shape": "cluster",
    "rarity": 130,
    "minimum_height": 5,
    "maximum_height": 124,
    "density": 80,
    "base_rocks": [
      "tfc:igneous_extrusive"
    ]
  },
  "dilithium": {
    "ore": "libvulpes:ore0",
    "meta": 0,
    "width": 1,
    "height": 1,
    "shape": "cluster",
    "rarity": 970,
    "minimum_height": 1,
    "maximum_height": 10,
    "density": 75,
    "base_rocks": [
      "tfc:shale"
    ]
  },
  "iridium": {
    "ore": "libvulpes:ore0",
    "meta": 10,
    "width": 2,
    "height": 2,
    "shape": "cluster",
    "rarity": 970,
    "minimum_height": 1,
    "maximum_height": 10,
    "density": 75,
    "base_rocks": [
      "tfc:shale"
    ]
  },
  "uninspected": {
    "ore": "rockhounding_chemistry:uninspected_mineral",
    "width": 2,
    "height": 2,
    "shape": "cluster",
    "rarity": 970,
    "minimum_height": 1,
    "maximum_height": 10,
    "density": 75,
    "base_rocks": [
      "tfc:shale"
    ]
  }
}
