
{
  "ID": 59,
  "Name": "CrystalChasms",
  "Resource Location": "advancedrocketry:crystalchasms",
  "Class": "zmaster587.advancedRocketry.world.biome.BiomeGenCrystal",
  "Root Height": 1.0,
  "Height Variation": 0.1,
  "Top Block": "minecraft:snow",
  "Filler Block": "minecraft:packed_ice",
  "Ocean Top Block": "minecraft:gravel",
  "Ocean Filler Block": "minecraft:stone[variant\u003dstone]",
  "Actual Filler Blocks": [
    "minecraft:stone[variant\u003dstone]",
    "tfc:raw/slate[can_fall\u003dtrue]"
  ],
  "Grass Color": "Not set. Check in-game.",
  "Foliage Color": "Not set. Check in-game.",
  "Water Color": "16777215",
  "Temperature": 0.1,
  "Humidity": 0.2,
  "Water Tint": 16777215,
  "Enable Rain": true,
  "Enable Snow": true,
  "Dictionary Types": [
    "COLD",
    "PLAINS"
  ],
  "BiomeManager Entries": {},
  "Spawnable Creatures": [],
  "Spawnable Monsters": [
    {
      "Entity Class": "net.minecraft.entity.monster.EntityCreeper",
      "Weight": 5,
      "Min Group Count": 1,
      "Max Group Count": 1
    },
    {
      "Entity Class": "net.minecraft.entity.monster.EntityWitherSkeleton",
      "Weight": 1,
      "Min Group Count": 1,
      "Max Group Count": 1
    },
    {
      "Entity Class": "net.minecraft.entity.monster.EntitySkeleton",
      "Weight": 1,
      "Min Group Count": 2,
      "Max Group Count": 3
    },
    {
      "Entity Class": "net.minecraft.entity.monster.EntityEnderman",
      "Weight": 1,
      "Min Group Count": 1,
      "Max Group Count": 1
    }
  ],
  "Spawnable Water Creatures": [],
  "Spawnable Cave Creatures": [],
  "Spawn Biome": false,
  "Tweaked": true
}