{
  "core": {
    "defaultSize": 16,
    "minSize": 1,
    "scale": 6,
    "exponent": 2,
    "forceToSaveDefaultSize": false
  },
  "general": {
    "allowFlowingWater": true,
    "allowFlowingLava": true,
    "storagePerPixel": 1.0,
    "enableBed": true,
    "enableAnimationCollision": true,
    "enableCollisionMotion": true
  },
  "survival": {
    "strictMining": false,
    "limitEditBlocksSurvival": false,
    "maxEditBlocks": 10,
    "highestHarvestTierSurvival": 10,
    "editUnbreakable": false,
    "limitPlaceBlocksSurvival": false,
    "maxPlaceBlocks": 10,
    "minimumTransparency": 255,
    "dyeVolume": 2.0
  }
}