
{
  "ID": 40,
  "Name": "TerraFirmaCraft Ocean",
  "Resource Location": "tfc:ocean",
  "Class": "net.dries007.tfc.world.classic.biomes.BiomeTFC",
  "Root Height": -2.6,
  "Height Variation": -2.69999,
  "Top Block": "minecraft:grass[snowy\u003dfalse]",
  "Filler Block": "minecraft:dirt[snowy\u003dfalse,variant\u003ddirt]",
  "Ocean Top Block": "minecraft:gravel",
  "Ocean Filler Block": "minecraft:stone[variant\u003dstone]",
  "Actual Filler Blocks": [
    "minecraft:stone[variant\u003dstone]"
  ],
  "Grass Color": "Not set. Check in-game.",
  "Foliage Color": "Not set. Check in-game.",
  "Water Color": "16777215",
  "Temperature": 0.5,
  "Humidity": 0.5,
  "Water Tint": 16777215,
  "Enable Rain": true,
  "Enable Snow": false,
  "Dictionary Types": [
    "WET",
    "WATER",
    "OCEAN"
  ],
  "BiomeManager Entries": {},
  "Spawnable Creatures": [
    {
      "Entity Class": "net.dries007.tfc.objects.entity.animal.EntityBearTFC",
      "Weight": 30,
      "Min Group Count": 1,
      "Max Group Count": 2
    },
    {
      "Entity Class": "net.dries007.tfc.objects.entity.animal.EntityPolarBearTFC",
      "Weight": 30,
      "Min Group Count": 1,
      "Max Group Count": 2
    },
    {
      "Entity Class": "net.dries007.tfc.objects.entity.animal.EntityPantherTFC",
      "Weight": 30,
      "Min Group Count": 1,
      "Max Group Count": 2
    },
    {
      "Entity Class": "net.dries007.tfc.objects.entity.animal.EntitySaberToothTFC",
      "Weight": 30,
      "Min Group Count": 1,
      "Max Group Count": 2
    },
    {
      "Entity Class": "net.dries007.tfc.objects.entity.animal.EntityLionTFC",
      "Weight": 30,
      "Min Group Count": 1,
      "Max Group Count": 2
    },
    {
      "Entity Class": "net.dries007.tfc.objects.entity.animal.EntityHyenaTFC",
      "Weight": 30,
      "Min Group Count": 3,
      "Max Group Count": 6
    },
    {
      "Entity Class": "net.dries007.tfc.objects.entity.animal.EntityPheasantTFC",
      "Weight": 70,
      "Min Group Count": 2,
      "Max Group Count": 3
    },
    {
      "Entity Class": "net.dries007.tfc.objects.entity.animal.EntityDeerTFC",
      "Weight": 70,
      "Min Group Count": 2,
      "Max Group Count": 4
    },
    {
      "Entity Class": "net.dries007.tfc.objects.entity.animal.EntityWolfTFC",
      "Weight": 70,
      "Min Group Count": 2,
      "Max Group Count": 4
    },
    {
      "Entity Class": "net.dries007.tfc.objects.entity.animal.EntityParrotTFC",
      "Weight": 70,
      "Min Group Count": 2,
      "Max Group Count": 3
    },
    {
      "Entity Class": "net.dries007.tfc.objects.entity.animal.EntityOcelotTFC",
      "Weight": 70,
      "Min Group Count": 2,
      "Max Group Count": 4
    }
  ],
  "Spawnable Monsters": [
    {
      "Entity Class": "net.minecraft.entity.monster.EntitySpider",
      "Weight": 100,
      "Min Group Count": 4,
      "Max Group Count": 4
    },
    {
      "Entity Class": "net.minecraft.entity.monster.EntityZombie",
      "Weight": 95,
      "Min Group Count": 4,
      "Max Group Count": 4
    },
    {
      "Entity Class": "net.minecraft.entity.monster.EntityZombieVillager",
      "Weight": 5,
      "Min Group Count": 1,
      "Max Group Count": 1
    },
    {
      "Entity Class": "net.minecraft.entity.monster.EntitySkeleton",
      "Weight": 100,
      "Min Group Count": 4,
      "Max Group Count": 4
    },
    {
      "Entity Class": "net.minecraft.entity.monster.EntityCreeper",
      "Weight": 100,
      "Min Group Count": 4,
      "Max Group Count": 4
    },
    {
      "Entity Class": "net.minecraft.entity.monster.EntitySlime",
      "Weight": 100,
      "Min Group Count": 4,
      "Max Group Count": 4
    },
    {
      "Entity Class": "net.minecraft.entity.monster.EntityEnderman",
      "Weight": 10,
      "Min Group Count": 1,
      "Max Group Count": 4
    },
    {
      "Entity Class": "net.minecraft.entity.monster.EntityWitch",
      "Weight": 5,
      "Min Group Count": 1,
      "Max Group Count": 1
    }
  ],
  "Spawnable Water Creatures": [
    {
      "Entity Class": "net.minecraft.entity.passive.EntitySquid",
      "Weight": 10,
      "Min Group Count": 4,
      "Max Group Count": 4
    },
    {
      "Entity Class": "net.minecraft.entity.passive.EntitySquid",
      "Weight": 20,
      "Min Group Count": 3,
      "Max Group Count": 7
    }
  ],
  "Spawnable Cave Creatures": [
    {
      "Entity Class": "net.minecraft.entity.passive.EntityBat",
      "Weight": 10,
      "Min Group Count": 8,
      "Max Group Count": 8
    }
  ],
  "Spawn Biome": false,
  "Tweaked": true
}