{
  "stibnite": {
    "ore": "tfc:stibnite",
    "loose": "tfc:stibnite",
    "width": 20,
    "height": 30,
    "shape": "cluster",
    "rarity": 155,
    "minimum_height": 5,
    "maximum_height": 124,
    "density": 70,
    "base_rocks": [
      "tfc:igneous_extrusive"
    ]
  },
  "surface_stibnite": {
    "ore": "tfc:stibnite",
    "loose": "tfc:stibnite",
    "width": 12,
    "height": 20,
    "shape": "cluster",
    "rarity": 125,
    "minimum_height": 128,
    "maximum_height": 240,
    "density": 40,
    "base_rocks": [
      "tfc:igneous_extrusive"
    ]
  },
  "cobaltite": {
    "ore": "tfc:cobaltite",
    "loose": "tfc:cobaltite",
    "width": 16,
    "height": 30,
    "shape": "cluster",
    "rarity": 150,
    "minimum_height": 5,
    "maximum_height": 124,
    "density": 70,
    "base_rocks": [
      "tfc:metamorphic",
      "tfc:igneous_extrusive",
      "tfc:igneous_intrusive"
    ]
  },
  "wolframite": {
    "ore": "tfc:wolframite",
    "loose": "tfc:wolframite",
    "width": 16,
    "height": 30,
    "shape": "cluster",
    "rarity": 150,
    "minimum_height": 5,
    "maximum_height": 124,
    "density": 70,
    "base_rocks": [
      "tfc:metamorphic",
      "tfc:sedimentary"
    ]
  },
  "bauxite": {
    "ore": "tfc:bauxite",
    "loose": "tfc:bauxite",
    "width": 14,
    "height": 20,
    "shape": "cluster",
    "rarity": 110,
    "minimum_height": 110,
    "maximum_height": 124,
    "density": 70,
    "base_rocks": [
      "tfc:sedimentary"
    ]
  },
  "native_osmium": {
    "ore": "tfc:native_osmium",
    "loose": "tfc:native_osmium",
    "width": 5,
    "height": 10,
    "shape": "cluster",
    "rarity": 150,
    "minimum_height": 5,
    "maximum_height": 124,
    "density": 70,
    "base_rocks": [
      "tfc:metamorphic",
      "tfc:igneous_intrusive",
      "tfc:igneous_extrusive"
    ]
  }
}