{
  "libvulpes:ore0_quartzite10": {
    "type": "cluster",
    "ore": [
      {
        "block": "libvulpes:ore0",
        "meta": 10
      }
    ],
    "stone": [
      "tfc:raw/quartzite"
    ],
    "rarity": 100,
    "count": 1,
    "min_y": 5,
    "max_y": 58,
    "density": 20,
    "vertical_size": 14,
    "horizontal_size": 14,
    "dimensions": [
      0,
      1,
      -1
    ],
    "dimensions_is_whitelist": false,
    "indicator": {
      "blocks": "tfc:fluid/hot_water",
      "max_depth": 30
    }
  }
}