{
  "libvulpes:ore0_chert0": {
    "type": "cluster",
    "ore": [
      {
        "block": "libvulpes:ore0",
        "meta": 0
      }
    ],
    "stone": [
      "tfc:raw/chert"
    ],
    "rarity": 120,
    "count": 1,
    "min_y": 5,
    "max_y": 38,
    "density": 20,
    "vertical_size": 14,
    "horizontal_size": 14,
    "dimensions": [
      0,
      1,
      -1
    ],
    "dimensions_is_whitelist": false,
    "indicator": {
      "blocks": "minecraft:deadbush",
      "max_depth": 30
    }
  }
}