<root>
<!-- Chests to show the sorting modes buttons on -->
   <chest class="net.dries007.tfc.objects.container.ContainerChestTFC" row_size="9" large_chest="false"/> 
<!-- Other inventories to show just the options button on -->
   <inventory class="net.dries007.tfc.objects.container.ContainerAnvilTFC" disable_buttons="true"/>
   <inventory class="net.dries007.tfc.objects.container.ContainerBarrel" disable_buttons="false"/>
   <inventory class="net.dries007.tfc.objects.container.ContainerBlastFurnace" disable_buttons="true"/>
   <inventory class="net.dries007.tfc.objects.container.ContainerCrucible" disable_buttons="true"/>
   <inventory class="net.dries007.tfc.objects.container.ContainerFirepit" disable_buttons="false"/>
   <inventory class="net.dries007.tfc.objects.container.ContainerCharcoalForge" disable_buttons="true"/>
   <inventory class="net.dries007.tfc.objects.container.ContainerHorseInventoryTFC" disable_buttons="false"/>
   <inventory class="net.dries007.tfc.objects.container.ContainerHorseInventoryTFC$1" disable_buttons="false"/>
   <inventory class="net.dries007.tfc.objects.container.ContainerHorseInventoryTFC$2" disable_buttons="false"/>
   <inventory class="net.dries007.tfc.objects.container.ContainerLargeVessel" disable_buttons="false"/>
   <inventory class="net.dries007.tfc.objects.container.ContainerLogPile" disable_buttons="false"/>
   <inventory class="net.dries007.tfc.objects.container.ContainerNestBox" disable_buttons="false"/>
   <inventory class="net.dries007.tfc.objects.container.ContainerQuern" disable_buttons="false"/>
   <inventory class="net.dries007.tfc.objects.container.ContainerSmallVessel" disable_buttons="false"/>
      
<!-- TFC Containers that will not allow inventory sorting
   <inventory class="net.dries007.tfc.objects.container.ContainerInventoryCrafting" disable_buttons="false"/>
   <inventory class="net.dries007.tfc.objects.container.ContainerWorkbenchTFC" disable_buttons="false"/>
-->
</root>