{
        "biomes":[
        ],
        "blocks":[
        ],
        "items": {
		"SHIELD": [
                "tfc:metal/shield/bismuth_bronze",
                "tfc:metal/shield/black_bronze",
                "tfc:metal/shield/bronze",
                "tfc:metal/shield/copper",
                "tfc:metal/shield/wrought_iron",
                "tfc:metal/shield/steel",
                "tfc:metal/shield/black_steel",
                "tfc:metal/shield/blue_steel",
                "tfc:metal/shield/red_steel"
        ],
		"SWORD": [
                "tfc:metal/sword/bismuth_bronze",
                "tfc:metal/sword/black_bronze",
                "tfc:metal/sword/bronze",
                "tfc:metal/sword/copper",
                "tfc:metal/sword/wrought_iron",
                "tfc:metal/sword/steel",
                "tfc:metal/sword/black_steel",
                "tfc:metal/sword/blue_steel",
                "tfc:metal/sword/red_steel"
        ],
		  "AXE": [
                "tfc:metal/axe/bismuth_bronze",
                "tfc:metal/axe/black_bronze",
                "tfc:metal/axe/bronze",
                "tfc:metal/axe/copper",
                "tfc:metal/axe/wrought_iron",
                "tfc:metal/axe/steel",
                "tfc:metal/axe/black_steel",
                "tfc:metal/axe/blue_steel",
                "tfc:metal/axe/red_steel",
                "tfc:metal/pick/bismuth_bronze",
                "tfc:metal/pick/black_bronze",
                "tfc:metal/pick/bronze",
                "tfc:metal/pick/copper",
                "tfc:metal/pick/wrought_iron",
                "tfc:metal/pick/steel",
                "tfc:metal/pick/black_steel",
                "tfc:metal/pick/blue_steel",
                "tfc:metal/pick/red_steel",
                "tfc:metal/mace/bismuth_bronze",
                "tfc:metal/mace/black_bronze",
                "tfc:metal/mace/bronze",
                "tfc:metal/mace/copper",
                "tfc:metal/mace/wrought_iron",
                "tfc:metal/mace/steel",
                "tfc:metal/mace/black_steel",
                "tfc:metal/mace/blue_steel",
                "tfc:metal/mace/red_steel"
        ],
		"TOOL": [
				"tfc:metal/javelin/bismuth_bronze",
				"tfc:metal/javelin/black_bronze",
				"tfc:metal/javelin/bronze",
				"tfc:metal/javelin/copper",
				"tfc:metal/javelin/wrought_iron",
				"tfc:metal/javelin/steel",
				"tfc:metal/javelin/black_steel",
				"tfc:metal/javelin/blue_steel",
				"tfc:metal/javelin/red_steel"
		],
		  "PLATE": [
                
        ]
        },
        "dimensions":[
        ],
        "acoustics": {
        },
        "primitiveAcoustics": {
        },
        "footsteps":{
        },
        "forgeMappings":[
        ],
        "variators": {
        },
        "entities": {
        }
}