
{
  "ID": 60,
  "Name": "DeepSwamp",
  "Resource Location": "advancedrocketry:deepswamp",
  "Class": "zmaster587.advancedRocketry.world.biome.BiomeGenDeepSwamp",
  "Root Height": -0.1,
  "Height Variation": 0.2,
  "Top Block": "minecraft:grass[snowy\u003dfalse]",
  "Filler Block": "minecraft:dirt[snowy\u003dfalse,variant\u003ddirt]",
  "Ocean Top Block": "minecraft:gravel",
  "Ocean Filler Block": "minecraft:stone[variant\u003dstone]",
  "Actual Filler Blocks": [
    "minecraft:stone[variant\u003dstone]",
    "tfc:raw/dacite[can_fall\u003dtrue]"
  ],
  "Grass Color": "Not set. Check in-game.",
  "Foliage Color": "Not set. Check in-game.",
  "Water Color": "14745518",
  "Temperature": 0.9,
  "Humidity": 0.9,
  "Water Tint": 14745518,
  "Enable Rain": true,
  "Enable Snow": true,
  "Dictionary Types": [
    "WET",
    "HOT"
  ],
  "BiomeManager Entries": {},
  "Spawnable Creatures": [],
  "Spawnable Monsters": [
    {
      "Entity Class": "net.minecraft.entity.monster.EntityCreeper",
      "Weight": 5,
      "Min Group Count": 1,
      "Max Group Count": 1
    },
    {
      "Entity Class": "net.minecraft.entity.monster.EntityWitherSkeleton",
      "Weight": 1,
      "Min Group Count": 1,
      "Max Group Count": 1
    },
    {
      "Entity Class": "net.minecraft.entity.monster.EntitySkeleton",
      "Weight": 1,
      "Min Group Count": 2,
      "Max Group Count": 3
    },
    {
      "Entity Class": "net.minecraft.entity.monster.EntityEnderman",
      "Weight": 1,
      "Min Group Count": 1,
      "Max Group Count": 1
    }
  ],
  "Spawnable Water Creatures": [],
  "Spawnable Cave Creatures": [],
  "Spawn Biome": false,
  "Tweaked": true
}