
{
  "ID": 160,
  "Name": "Mega Spruce Taiga",
  "Resource Location": "minecraft:mutated_redwood_taiga",
  "Class": "net.minecraft.world.biome.BiomeTaiga",
  "Root Height": 0.2,
  "Height Variation": 0.2,
  "Top Block": "minecraft:grass[snowy\u003dfalse]",
  "Filler Block": "minecraft:dirt[snowy\u003dfalse,variant\u003ddirt]",
  "Ocean Top Block": "minecraft:gravel",
  "Ocean Filler Block": "minecraft:stone[variant\u003dstone]",
  "Actual Filler Blocks": [
    "minecraft:stone[variant\u003dstone]"
  ],
  "Grass Color": "Not set. Check in-game.",
  "Foliage Color": "Not set. Check in-game.",
  "Water Color": "16777215",
  "Temperature": 0.25,
  "Humidity": 0.8,
  "Water Tint": 16777215,
  "Enable Rain": true,
  "Enable Snow": false,
  "Dictionary Types": [
    "RARE",
    "DENSE",
    "FOREST"
  ],
  "BiomeManager Entries": {},
  "Spawnable Creatures": [
    {
      "Entity Class": "net.minecraft.entity.passive.EntitySheep",
      "Weight": 12,
      "Min Group Count": 4,
      "Max Group Count": 4
    },
    {
      "Entity Class": "net.minecraft.entity.passive.EntityPig",
      "Weight": 10,
      "Min Group Count": 4,
      "Max Group Count": 4
    },
    {
      "Entity Class": "net.minecraft.entity.passive.EntityChicken",
      "Weight": 10,
      "Min Group Count": 4,
      "Max Group Count": 4
    },
    {
      "Entity Class": "net.minecraft.entity.passive.EntityCow",
      "Weight": 8,
      "Min Group Count": 4,
      "Max Group Count": 4
    },
    {
      "Entity Class": "net.minecraft.entity.passive.EntityWolf",
      "Weight": 8,
      "Min Group Count": 4,
      "Max Group Count": 4
    },
    {
      "Entity Class": "net.minecraft.entity.passive.EntityRabbit",
      "Weight": 4,
      "Min Group Count": 2,
      "Max Group Count": 3
    }
  ],
  "Spawnable Monsters": [
    {
      "Entity Class": "net.minecraft.entity.monster.EntitySpider",
      "Weight": 100,
      "Min Group Count": 4,
      "Max Group Count": 4
    },
    {
      "Entity Class": "net.minecraft.entity.monster.EntityZombie",
      "Weight": 95,
      "Min Group Count": 4,
      "Max Group Count": 4
    },
    {
      "Entity Class": "net.minecraft.entity.monster.EntityZombieVillager",
      "Weight": 5,
      "Min Group Count": 1,
      "Max Group Count": 1
    },
    {
      "Entity Class": "net.minecraft.entity.monster.EntitySkeleton",
      "Weight": 100,
      "Min Group Count": 4,
      "Max Group Count": 4
    },
    {
      "Entity Class": "net.minecraft.entity.monster.EntityCreeper",
      "Weight": 100,
      "Min Group Count": 4,
      "Max Group Count": 4
    },
    {
      "Entity Class": "net.minecraft.entity.monster.EntitySlime",
      "Weight": 100,
      "Min Group Count": 4,
      "Max Group Count": 4
    },
    {
      "Entity Class": "net.minecraft.entity.monster.EntityEnderman",
      "Weight": 10,
      "Min Group Count": 1,
      "Max Group Count": 4
    },
    {
      "Entity Class": "net.minecraft.entity.monster.EntityWitch",
      "Weight": 5,
      "Min Group Count": 1,
      "Max Group Count": 1
    }
  ],
  "Spawnable Water Creatures": [
    {
      "Entity Class": "net.minecraft.entity.passive.EntitySquid",
      "Weight": 10,
      "Min Group Count": 4,
      "Max Group Count": 4
    }
  ],
  "Spawnable Cave Creatures": [
    {
      "Entity Class": "net.minecraft.entity.passive.EntityBat",
      "Weight": 10,
      "Min Group Count": 8,
      "Max Group Count": 8
    }
  ],
  "Spawn Biome": false,
  "Tweaked": true
}